Applicant_ID,Age,Gender,Income,LoanAmount,CreditScore,Loan_Status
1,59.0,Female,19790.0,1780.0,634.0,Rejected
2,49.0,Male,41911.0,10908.0,626.0,Rejected
3,35.0,Male,64458.0,7303.0,412.0,Rejected
4,28.0,Female,39363.0,15686.0,712.0,Approved
5,41.0,Male,35049.0,4983.0,448.0,Rejected
6,59.0,Male,,10503.0,517.0,Rejected
7,39.0,Female,54825.0,17905.0,453.0,Rejected
8,43.0,Male,31082.0,14070.0,537.0,Rejected
9,31.0,Male,15661.0,13232.0,452.0,Rejected
10,31.0,Female,52412.0,5583.0,443.0,Rejected
11,44.0,Female,63479.0,6946.0,702.0,Approved
12,,Male,72655.0,17377.0,452.0,Rejected
13,44.0,Male,17920.0,8128.0,,Rejected
14,23.0,Female,40658.0,12889.0,445.0,Rejected
15,42.0,Female,,13275.0,412.0,Rejected
16,22.0,Male,75315.0,3461.0,564.0,Rejected
17,44.0,Female,29025.0,15291.0,501.0,Rejected
18,50.0,Male,23946.0,15036.0,679.0,Rejected
19,58.0,Male,43706.0,12435.0,657.0,Rejected
20,22.0,Male,60500.0,1685.0,736.0,Approved
21,41.0,Male,54004.0,19544.0,755.0,Approved
22,53.0,Male,31309.0,13258.0,797.0,Rejected
23,32.0,Female,70230.0,16990.0,537.0,Rejected
24,42.0,,61286.0,17422.0,562.0,Rejected
25,45.0,Female,48120.0,11736.0,808.0,Approved
26,47.0,Female,73246.0,5875.0,786.0,Approved
27,48.0,Male,45027.0,18640.0,,Rejected
28,36.0,Male,76232.0,12182.0,,Rejected
29,35.0,Male,,3196.0,416.0,Rejected
30,23.0,Male,61804.0,8165.0,667.0,Rejected
31,57.0,Female,64310.0,16997.0,581.0,Rejected
32,27.0,,74321.0,15215.0,,Approved
33,,Male,15956.0,1301.0,423.0,Rejected
34,,Female,49839.0,18030.0,428.0,Rejected
35,,Female,23595.0,15571.0,570.0,Rejected
36,38.0,Female,62908.0,10951.0,808.0,Approved
37,24.0,Female,27803.0,11773.0,627.0,Rejected
38,45.0,Male,75123.0,17140.0,777.0,Approved
39,34.0,Male,40963.0,14057.0,587.0,Rejected
40,29.0,Female,51221.0,13500.0,745.0,Approved
41,,Male,54443.0,16921.0,629.0,Rejected
42,22.0,Male,48723.0,12870.0,720.0,Approved
43,40.0,Male,54063.0,5082.0,739.0,Approved
44,48.0,Female,63689.0,14718.0,518.0,Rejected
45,27.0,Male,65864.0,11517.0,555.0,Rejected
46,28.0,Female,30282.0,4754.0,671.0,Rejected
47,55.0,Male,,2724.0,574.0,Rejected
48,34.0,Male,21563.0,2376.0,503.0,Rejected
49,37.0,Male,40849.0,9706.0,491.0,Rejected
50,56.0,Female,46860.0,9894.0,585.0,Rejected
51,24.0,Male,46585.0,19037.0,682.0,Rejected
52,22.0,Female,37015.0,19450.0,580.0,Rejected
53,26.0,Female,27003.0,17406.0,569.0,Rejected
54,24.0,Female,58585.0,,586.0,Rejected
55,49.0,Male,41958.0,6926.0,574.0,Rejected
56,38.0,Male,41017.0,7251.0,621.0,Rejected
57,46.0,Male,26171.0,10496.0,632.0,Rejected
58,54.0,Male,74141.0,4300.0,561.0,Rejected
59,30.0,Female,60350.0,9553.0,820.0,Approved
60,56.0,Female,27201.0,4727.0,533.0,Rejected
61,34.0,Female,44426.0,,790.0,Rejected
62,51.0,Male,32778.0,17832.0,623.0,Rejected
63,35.0,Female,60241.0,7019.0,552.0,Rejected
64,28.0,Male,57229.0,16463.0,432.0,Rejected
65,34.0,Female,36116.0,11047.0,454.0,Rejected
66,43.0,Male,77731.0,12754.0,841.0,Approved
67,41.0,Male,,3520.0,406.0,Rejected
68,36.0,Female,63364.0,4081.0,643.0,Rejected
69,38.0,Female,48297.0,2428.0,712.0,Approved
70,44.0,Female,75967.0,4967.0,525.0,Rejected
71,46.0,Female,78508.0,7445.0,411.0,Rejected
72,45.0,Male,34342.0,15566.0,,Rejected
73,49.0,Female,72056.0,15042.0,607.0,Rejected
74,35.0,Female,42490.0,12329.0,442.0,Rejected
75,21.0,Female,77233.0,3159.0,772.0,Approved
76,45.0,Male,34975.0,6132.0,,Rejected
77,27.0,Male,41723.0,19931.0,627.0,Rejected
78,29.0,Female,38279.0,15933.0,510.0,Rejected
79,44.0,Male,27765.0,11473.0,706.0,Rejected
80,21.0,Female,61678.0,11805.0,559.0,Rejected
81,28.0,Male,26561.0,4083.0,730.0,Approved
82,44.0,Male,56899.0,18421.0,663.0,Rejected
83,31.0,Male,15525.0,14944.0,624.0,Rejected
84,37.0,Male,37861.0,8604.0,616.0,Rejected
85,,Female,64153.0,16379.0,444.0,Rejected
86,55.0,Female,48142.0,,613.0,Rejected
87,55.0,Female,41916.0,2778.0,458.0,Rejected
88,53.0,Male,79324.0,6110.0,531.0,Rejected
89,25.0,Female,59965.0,13087.0,503.0,Rejected
90,59.0,Female,75396.0,18508.0,594.0,Rejected
91,48.0,Female,19648.0,18081.0,812.0,Rejected
92,27.0,Male,50133.0,3179.0,556.0,Rejected
93,29.0,Male,65677.0,10596.0,497.0,Rejected
94,28.0,Male,45523.0,6251.0,625.0,Rejected
95,32.0,Female,44052.0,10235.0,811.0,Approved
96,54.0,Female,49414.0,19313.0,604.0,Rejected
97,53.0,,47781.0,15871.0,478.0,Rejected
98,43.0,Male,19599.0,2013.0,523.0,Rejected
99,44.0,Male,50046.0,17610.0,827.0,Approved
100,57.0,Female,62064.0,2828.0,617.0,Rejected
101,55.0,Male,50923.0,8909.0,403.0,Rejected
102,42.0,Male,,6588.0,489.0,Rejected
103,47.0,Male,18814.0,14109.0,503.0,Rejected
104,55.0,Male,60893.0,3023.0,792.0,Approved
105,21.0,Female,50984.0,15537.0,518.0,Rejected
106,55.0,,75282.0,6891.0,532.0,Rejected
107,57.0,Male,76272.0,2080.0,711.0,Approved
108,34.0,Male,41616.0,6036.0,495.0,Rejected
109,23.0,Male,72371.0,16379.0,833.0,Approved
110,21.0,Female,17113.0,11822.0,730.0,Rejected
111,25.0,Female,79674.0,3563.0,,Rejected
112,46.0,Male,73596.0,4292.0,687.0,Approved
113,34.0,Male,68508.0,4586.0,427.0,Rejected
114,59.0,Male,58006.0,17087.0,677.0,Rejected
115,47.0,Male,28760.0,17100.0,632.0,Rejected
116,29.0,Male,36927.0,7643.0,416.0,Rejected
117,,Male,35939.0,4959.0,,Rejected
118,35.0,Female,76367.0,12005.0,489.0,Rejected
119,46.0,Male,47419.0,11775.0,598.0,Rejected
120,33.0,,27588.0,1161.0,761.0,Approved
121,52.0,Female,71214.0,17029.0,840.0,Approved
122,59.0,Male,51142.0,17977.0,425.0,Rejected
123,52.0,Female,54198.0,15226.0,424.0,Rejected
124,24.0,Female,67618.0,12154.0,793.0,Approved
125,50.0,Female,67233.0,13080.0,700.0,Approved
126,,Female,59738.0,4390.0,738.0,Approved
127,43.0,Female,48397.0,6997.0,666.0,Rejected
128,59.0,Female,31653.0,13693.0,580.0,Rejected
129,35.0,Male,25831.0,18047.0,759.0,Rejected
130,49.0,Female,74337.0,10324.0,467.0,Rejected
131,56.0,Female,20724.0,1541.0,750.0,Rejected
132,33.0,Female,70049.0,6093.0,,Approved
133,52.0,Male,,14428.0,720.0,Rejected
134,27.0,Female,60917.0,12166.0,448.0,Rejected
135,42.0,Male,34816.0,18251.0,574.0,Rejected
136,48.0,Female,57240.0,17063.0,451.0,Rejected
137,22.0,Male,21276.0,11258.0,501.0,Rejected
138,26.0,Male,,17044.0,615.0,Rejected
139,48.0,Female,53663.0,6469.0,837.0,Approved
140,48.0,Female,28994.0,7256.0,587.0,Rejected
141,40.0,Male,38499.0,11720.0,456.0,Rejected
142,50.0,Female,,2169.0,446.0,Rejected
143,31.0,Male,58320.0,1830.0,,Rejected
144,48.0,Male,31959.0,2651.0,573.0,Rejected
145,45.0,Male,71181.0,18520.0,641.0,Rejected
146,,Male,21099.0,10518.0,681.0,Rejected
147,53.0,Male,57267.0,14258.0,640.0,Rejected
148,,Female,34576.0,,769.0,Rejected
149,47.0,Male,50946.0,2019.0,404.0,Rejected
150,33.0,Male,70204.0,11028.0,483.0,Rejected
151,23.0,Female,66886.0,13448.0,707.0,Approved
152,59.0,Male,21116.0,13485.0,760.0,Rejected
153,26.0,Female,30563.0,2283.0,647.0,Rejected
154,,Female,41788.0,18043.0,453.0,Rejected
155,47.0,Female,41928.0,19394.0,560.0,Rejected
156,29.0,Male,51336.0,2733.0,833.0,Approved
157,57.0,,24847.0,19509.0,821.0,Rejected
158,53.0,Male,41155.0,19555.0,810.0,Rejected
159,44.0,Female,29135.0,17230.0,625.0,Rejected
160,35.0,Male,66355.0,15472.0,414.0,Rejected
161,52.0,Female,32774.0,13889.0,623.0,Rejected
162,52.0,Male,16742.0,4471.0,460.0,Rejected
163,44.0,Female,33309.0,10028.0,521.0,Rejected
164,32.0,Male,15619.0,9329.0,676.0,Rejected
165,59.0,Male,32658.0,3097.0,445.0,Rejected
166,22.0,Male,65108.0,15082.0,789.0,Approved
167,23.0,Female,49707.0,14930.0,693.0,Approved
168,57.0,Female,35337.0,11077.0,461.0,Rejected
169,37.0,Male,74725.0,7397.0,485.0,Rejected
170,22.0,Male,31001.0,3757.0,845.0,Approved
171,22.0,Female,15968.0,19284.0,609.0,Rejected
172,48.0,Female,62614.0,19994.0,477.0,Rejected
173,,Female,40892.0,18833.0,601.0,Rejected
174,57.0,Male,,6017.0,,Approved
175,52.0,Female,15281.0,,796.0,Rejected
176,53.0,Male,42420.0,8999.0,622.0,Rejected
177,21.0,Female,30360.0,11195.0,621.0,Rejected
178,39.0,Male,54030.0,3096.0,402.0,Rejected
179,22.0,Female,16058.0,16433.0,405.0,Rejected
180,46.0,Female,35677.0,11595.0,492.0,Rejected
181,52.0,Female,25724.0,16941.0,407.0,Rejected
182,26.0,Female,43404.0,16078.0,827.0,Approved
183,52.0,,52946.0,,634.0,Rejected
184,24.0,Male,,3839.0,507.0,Rejected
185,31.0,Female,44856.0,4384.0,560.0,Rejected
186,37.0,Female,24200.0,11851.0,608.0,Rejected
187,58.0,Female,79178.0,11053.0,639.0,Rejected
188,44.0,Male,48997.0,14493.0,730.0,Approved
189,25.0,Female,40611.0,18069.0,732.0,Rejected
190,54.0,Male,68737.0,15139.0,449.0,Rejected
191,26.0,Female,56235.0,8531.0,410.0,Rejected
192,42.0,Female,66892.0,5283.0,750.0,Approved
193,31.0,Male,50057.0,8736.0,555.0,Rejected
194,36.0,Female,16239.0,8710.0,469.0,Rejected
195,53.0,Male,53138.0,2619.0,568.0,Rejected
196,29.0,Male,,14975.0,671.0,Rejected
197,26.0,Female,15125.0,13835.0,467.0,Rejected
198,36.0,,76409.0,16261.0,754.0,Approved
199,49.0,,60272.0,2431.0,651.0,Rejected
200,23.0,Female,38857.0,10067.0,447.0,Rejected
201,40.0,Male,76212.0,5713.0,583.0,Rejected
202,56.0,Male,,10557.0,719.0,Approved
203,39.0,Male,30398.0,10435.0,586.0,Rejected
204,46.0,Male,69494.0,5998.0,489.0,Rejected
205,23.0,,71503.0,1162.0,845.0,Approved
206,39.0,Female,21638.0,2974.0,731.0,Rejected
207,40.0,Male,21570.0,9461.0,538.0,Rejected
208,52.0,Female,18249.0,18015.0,756.0,Rejected
209,27.0,Female,24110.0,18289.0,488.0,Rejected
210,53.0,Female,55363.0,3014.0,673.0,Rejected
211,59.0,Female,28605.0,10833.0,418.0,Rejected
212,38.0,Male,27115.0,8896.0,710.0,Approved
213,21.0,Male,54062.0,,757.0,Approved
214,31.0,Female,37911.0,17965.0,773.0,Rejected
215,48.0,Male,53525.0,10032.0,553.0,Rejected
216,45.0,Male,47556.0,6347.0,789.0,Approved
217,43.0,Male,27595.0,3643.0,659.0,Rejected
218,51.0,Female,77799.0,9017.0,507.0,Rejected
219,50.0,Female,16969.0,19681.0,770.0,Rejected
220,55.0,Female,58753.0,18258.0,684.0,Approved
221,27.0,Male,32275.0,6560.0,458.0,Rejected
222,36.0,Female,19470.0,16892.0,524.0,Rejected
223,46.0,Female,71327.0,15531.0,753.0,Approved
224,22.0,Male,25225.0,18073.0,672.0,Rejected
225,21.0,Female,,5000.0,506.0,Rejected
226,32.0,Female,72472.0,15289.0,698.0,Approved
227,25.0,Male,56974.0,18055.0,644.0,Rejected
228,57.0,Male,57759.0,8927.0,735.0,Approved
229,52.0,Male,38196.0,16562.0,849.0,Rejected
230,29.0,Female,55287.0,2171.0,817.0,Approved
231,55.0,,28669.0,12918.0,646.0,Rejected
232,39.0,Female,52380.0,10135.0,407.0,Rejected
233,36.0,Male,73862.0,7342.0,540.0,Rejected
234,23.0,Male,60141.0,18833.0,761.0,Approved
235,40.0,Female,65350.0,12929.0,407.0,Rejected
236,44.0,Female,76217.0,3539.0,751.0,Approved
237,53.0,Male,63320.0,4959.0,493.0,Rejected
238,44.0,Male,62414.0,14183.0,720.0,Approved
239,31.0,Male,53006.0,6432.0,826.0,Approved
240,28.0,Male,30577.0,,438.0,Rejected
241,56.0,Female,74818.0,2753.0,480.0,Rejected
242,58.0,Male,37473.0,19322.0,586.0,Rejected
243,40.0,Female,75829.0,11123.0,483.0,Rejected
244,55.0,Female,70409.0,17376.0,487.0,Rejected
245,45.0,Female,43625.0,,641.0,Rejected
246,55.0,Male,30504.0,7304.0,741.0,Approved
247,45.0,Male,39089.0,8345.0,492.0,Rejected
248,49.0,Male,51487.0,16352.0,485.0,Rejected
249,,Male,15302.0,1597.0,443.0,Rejected
250,38.0,Female,46463.0,3336.0,536.0,Rejected
251,22.0,Male,59912.0,10879.0,820.0,Approved
252,55.0,Male,,1572.0,473.0,Rejected
253,36.0,Female,65138.0,8521.0,435.0,Rejected
254,56.0,Male,57823.0,7171.0,500.0,Rejected
255,53.0,Female,52208.0,19474.0,555.0,Rejected
256,24.0,Female,69061.0,14992.0,825.0,Approved
257,53.0,Female,45659.0,12861.0,654.0,Rejected
258,34.0,Female,79288.0,13464.0,570.0,Rejected
259,,Female,50840.0,2633.0,615.0,Rejected
260,40.0,Female,46890.0,18901.0,569.0,Rejected
261,,Female,28598.0,13485.0,651.0,Rejected
262,27.0,Female,62055.0,11849.0,759.0,Approved
263,23.0,Male,,4648.0,721.0,Approved
264,37.0,Male,34508.0,16177.0,454.0,Rejected
265,53.0,Male,57287.0,14140.0,,Approved
266,32.0,Male,28380.0,18921.0,490.0,Rejected
267,42.0,Female,41984.0,15357.0,677.0,Rejected
268,42.0,Male,59633.0,14368.0,,Rejected
269,50.0,Female,,4137.0,554.0,Rejected
270,58.0,Male,51059.0,1097.0,776.0,Approved
271,58.0,Male,19033.0,12407.0,748.0,Rejected
272,28.0,Male,52873.0,13722.0,763.0,Approved
273,47.0,Female,32087.0,13924.0,540.0,Rejected
274,47.0,Male,55901.0,4750.0,572.0,Rejected
275,54.0,Female,64726.0,9535.0,409.0,Rejected
276,41.0,Female,20704.0,5666.0,627.0,Rejected
277,50.0,,75576.0,17009.0,664.0,Rejected
278,53.0,Male,22848.0,17994.0,837.0,Rejected
279,48.0,Male,36592.0,2727.0,647.0,Rejected
280,53.0,Female,60743.0,,646.0,Rejected
281,25.0,Male,21924.0,11800.0,554.0,Rejected
282,39.0,Female,42208.0,6055.0,433.0,Rejected
283,24.0,Female,67980.0,11271.0,528.0,Rejected
284,55.0,Male,79076.0,,559.0,Rejected
285,37.0,Male,34614.0,13819.0,488.0,Rejected
286,48.0,,15488.0,10369.0,492.0,Rejected
287,50.0,Female,54882.0,10283.0,726.0,Approved
288,49.0,Female,40923.0,14171.0,640.0,Rejected
289,26.0,Male,76025.0,6774.0,722.0,Approved
290,55.0,Female,63508.0,,803.0,Approved
291,,Male,50941.0,11983.0,516.0,Rejected
292,44.0,Female,44165.0,19133.0,493.0,Rejected
293,49.0,Female,16667.0,15939.0,562.0,Rejected
294,51.0,Male,41213.0,1781.0,498.0,Rejected
295,55.0,Female,19114.0,17282.0,512.0,Rejected
296,53.0,Male,79965.0,7823.0,758.0,Approved
297,41.0,Male,51321.0,19489.0,490.0,Rejected
298,,Female,22761.0,8193.0,745.0,Rejected
299,43.0,Male,46116.0,3113.0,605.0,Rejected
300,53.0,Male,,17280.0,416.0,Rejected
301,23.0,Female,63406.0,14565.0,673.0,Rejected
302,38.0,Male,40426.0,11183.0,572.0,Rejected
303,45.0,Male,32772.0,18961.0,515.0,Rejected
304,51.0,Male,53218.0,10203.0,748.0,Approved
305,23.0,Female,18712.0,19658.0,580.0,Rejected
306,,Male,16367.0,16795.0,490.0,Rejected
307,52.0,Female,55957.0,19810.0,,Rejected
308,42.0,Female,56781.0,14489.0,723.0,Approved
309,43.0,Male,64606.0,6546.0,848.0,Approved
310,22.0,Male,41200.0,7852.0,513.0,Rejected
311,47.0,Male,,3551.0,656.0,Rejected
312,22.0,Female,18726.0,7411.0,457.0,Rejected
313,46.0,Male,38616.0,17391.0,553.0,Rejected
314,37.0,Male,42723.0,19939.0,764.0,Rejected
315,53.0,Male,76433.0,1475.0,803.0,Approved
316,,Male,52574.0,11403.0,515.0,Rejected
317,59.0,Male,49958.0,8239.0,,Approved
318,49.0,Female,24108.0,7710.0,665.0,Rejected
319,,Female,,9078.0,714.0,Approved
320,,Male,50643.0,3285.0,602.0,Rejected
321,45.0,Male,46324.0,6223.0,440.0,Rejected
322,44.0,Male,53360.0,14521.0,504.0,Rejected
323,33.0,Male,32824.0,15889.0,788.0,Rejected
324,27.0,Female,60360.0,7971.0,777.0,Approved
325,56.0,,23927.0,12531.0,592.0,Rejected
326,40.0,Female,43144.0,15721.0,800.0,Approved
327,21.0,Female,46010.0,5943.0,677.0,Rejected
328,28.0,Male,37443.0,7530.0,753.0,Approved
329,36.0,Female,29437.0,12116.0,636.0,Rejected
330,,Female,78449.0,,824.0,Approved
331,32.0,Female,59298.0,1282.0,620.0,Rejected
332,43.0,Female,54778.0,14937.0,467.0,Rejected
333,35.0,Male,26207.0,2898.0,596.0,Rejected
334,48.0,Male,71269.0,5135.0,655.0,Rejected
335,54.0,Female,75233.0,7629.0,538.0,Rejected
336,22.0,Male,40537.0,12168.0,711.0,Approved
337,52.0,Male,50757.0,1612.0,834.0,Approved
338,43.0,Male,27040.0,15203.0,548.0,Rejected
339,42.0,Male,56986.0,,498.0,Rejected
340,45.0,Male,37612.0,3307.0,475.0,Rejected
341,42.0,Female,43441.0,8133.0,681.0,Approved
342,42.0,,21471.0,12205.0,770.0,Rejected
343,26.0,Male,50631.0,6906.0,802.0,Approved
344,35.0,Male,77913.0,3591.0,508.0,Rejected
345,57.0,Male,58461.0,16149.0,587.0,Rejected
346,53.0,Female,41523.0,13150.0,598.0,Rejected
347,28.0,Female,46348.0,8183.0,702.0,Approved
348,25.0,Female,79732.0,11102.0,726.0,Approved
349,59.0,Female,16177.0,18053.0,553.0,Rejected
350,24.0,Male,19760.0,2283.0,439.0,Rejected
351,26.0,Female,47779.0,1923.0,532.0,Rejected
352,52.0,Male,36636.0,2125.0,,Approved
353,,,31353.0,2529.0,,Rejected
354,55.0,Male,68551.0,9438.0,678.0,Rejected
355,36.0,Male,26556.0,17154.0,761.0,Rejected
356,33.0,Male,42598.0,9004.0,483.0,Rejected
357,50.0,Female,26563.0,10752.0,798.0,Rejected
358,39.0,Female,,11592.0,641.0,Rejected
359,37.0,Female,58790.0,4864.0,515.0,Rejected
360,39.0,Female,23234.0,1226.0,508.0,Rejected
361,48.0,Male,40519.0,16036.0,620.0,Rejected
362,46.0,Female,41966.0,12739.0,791.0,Approved
363,,Male,69597.0,17648.0,440.0,Rejected
364,46.0,Female,31173.0,10587.0,767.0,Approved
365,43.0,Male,74889.0,12749.0,,Rejected
366,29.0,Male,41987.0,1645.0,511.0,Rejected
367,32.0,Female,28178.0,17299.0,502.0,Rejected
368,21.0,Male,54338.0,14675.0,445.0,Rejected
369,21.0,Male,73348.0,19888.0,811.0,Approved
370,54.0,Female,39596.0,11964.0,723.0,Approved
371,52.0,Male,48174.0,17087.0,777.0,Approved
372,45.0,Female,79106.0,14537.0,670.0,Rejected
373,21.0,Female,56974.0,14269.0,820.0,Approved
374,36.0,Female,19431.0,10346.0,784.0,Rejected
375,59.0,Male,74182.0,1587.0,594.0,Rejected
376,25.0,Male,42764.0,13763.0,766.0,Approved
377,42.0,Male,36627.0,10177.0,,Rejected
378,49.0,Female,54310.0,5079.0,682.0,Approved
379,23.0,Male,,4348.0,439.0,Rejected
380,32.0,Female,78267.0,19099.0,846.0,Approved
381,46.0,Female,23906.0,11785.0,588.0,Rejected
382,,Male,,13328.0,563.0,Rejected
383,57.0,Female,59814.0,7450.0,423.0,Rejected
384,42.0,Male,60379.0,14230.0,423.0,Rejected
385,49.0,Male,,6433.0,403.0,Rejected
386,34.0,Male,64292.0,2098.0,722.0,Approved
387,48.0,Male,76909.0,8096.0,,Approved
388,25.0,Male,52650.0,19710.0,840.0,Approved
389,50.0,Female,61881.0,12439.0,832.0,Approved
390,25.0,Female,61413.0,10087.0,580.0,Rejected
391,32.0,Female,21012.0,17021.0,647.0,Rejected
392,36.0,Male,65115.0,7416.0,515.0,Rejected
393,46.0,Male,22151.0,7980.0,678.0,Rejected
394,46.0,,72716.0,19058.0,764.0,Approved
395,41.0,Female,43211.0,12101.0,468.0,Rejected
396,59.0,Male,42117.0,8950.0,750.0,Approved
397,56.0,Female,51378.0,10122.0,653.0,Rejected
398,53.0,Female,57652.0,13576.0,580.0,Rejected
399,50.0,Male,21894.0,2089.0,717.0,Rejected
400,57.0,Male,28467.0,5578.0,568.0,Rejected
401,43.0,Female,46010.0,10127.0,712.0,Approved
402,30.0,Male,78111.0,11487.0,648.0,Rejected
403,25.0,Female,71463.0,1155.0,587.0,Rejected
404,56.0,Male,64257.0,2958.0,453.0,Rejected
405,54.0,Male,69691.0,11693.0,725.0,Approved
406,51.0,Female,79157.0,7344.0,756.0,Approved
407,30.0,Male,57641.0,6779.0,712.0,Approved
408,39.0,Female,27289.0,4830.0,537.0,Rejected
409,52.0,Male,59976.0,10046.0,567.0,Rejected
410,21.0,Female,58596.0,10794.0,,Approved
411,25.0,Female,38171.0,1441.0,502.0,Rejected
412,24.0,Male,49905.0,15478.0,821.0,Approved
413,36.0,Female,75760.0,5628.0,484.0,Rejected
414,44.0,Male,35829.0,7370.0,716.0,Approved
415,36.0,Male,67682.0,10528.0,611.0,Rejected
416,22.0,,49054.0,18332.0,402.0,Rejected
417,48.0,Female,63478.0,,783.0,Approved
418,52.0,Female,59139.0,9179.0,,Rejected
419,47.0,Male,63713.0,17013.0,741.0,Approved
420,40.0,Male,44734.0,17843.0,702.0,Approved
421,44.0,Female,22052.0,1392.0,731.0,Rejected
422,32.0,Male,78646.0,13130.0,437.0,Rejected
423,55.0,Male,18654.0,19171.0,819.0,Rejected
424,53.0,Female,38486.0,11449.0,638.0,Rejected
425,53.0,Male,33743.0,18522.0,568.0,Rejected
426,57.0,Female,63368.0,8418.0,796.0,Approved
427,32.0,Male,39489.0,3454.0,742.0,Approved
428,23.0,Female,23636.0,18761.0,713.0,Rejected
429,21.0,Male,21441.0,16223.0,705.0,Rejected
430,53.0,Male,69199.0,7701.0,429.0,Rejected
431,30.0,Female,39611.0,3597.0,589.0,Rejected
432,49.0,Male,69355.0,1141.0,756.0,Approved
433,33.0,Female,57435.0,3659.0,424.0,Rejected
434,32.0,Male,27149.0,,511.0,Rejected
435,51.0,Female,49566.0,16037.0,810.0,Approved
436,22.0,Female,74189.0,,834.0,Approved
437,55.0,Female,,6661.0,605.0,Rejected
438,43.0,Female,36675.0,7142.0,584.0,Rejected
439,37.0,Male,20495.0,13109.0,781.0,Rejected
440,46.0,Male,57668.0,9787.0,778.0,Approved
441,28.0,Female,28673.0,11096.0,446.0,Rejected
442,49.0,Female,79046.0,9472.0,773.0,Approved
443,46.0,Female,26130.0,17807.0,627.0,Rejected
444,30.0,Male,37668.0,5249.0,438.0,Rejected
445,46.0,Male,30222.0,15949.0,415.0,Rejected
446,54.0,Male,38669.0,2750.0,421.0,Rejected
447,27.0,Male,49068.0,19351.0,612.0,Rejected
448,24.0,Female,38253.0,5088.0,709.0,Approved
449,31.0,Female,24435.0,16282.0,548.0,Rejected
450,49.0,Female,43552.0,10641.0,640.0,Rejected
451,56.0,Male,67249.0,6075.0,671.0,Rejected
452,45.0,Male,52384.0,11412.0,458.0,Rejected
453,41.0,Male,78246.0,16686.0,686.0,Approved
454,56.0,Female,31393.0,8230.0,825.0,Approved
455,30.0,Female,77423.0,16432.0,601.0,Rejected
456,57.0,Male,25617.0,12002.0,431.0,Rejected
457,29.0,Female,53520.0,14947.0,842.0,Approved
458,44.0,Male,24852.0,14686.0,561.0,Rejected
459,55.0,Male,46401.0,18915.0,654.0,Rejected
460,55.0,,,14074.0,653.0,Rejected
461,56.0,Male,21295.0,5493.0,408.0,Rejected
462,38.0,Female,68967.0,18317.0,538.0,Rejected
463,59.0,Male,65224.0,2460.0,409.0,Rejected
464,52.0,Female,50993.0,15140.0,613.0,Rejected
465,44.0,Female,77298.0,11704.0,672.0,Rejected
466,43.0,Female,49084.0,17669.0,723.0,Approved
467,52.0,Male,69851.0,,447.0,Rejected
468,57.0,Male,60105.0,7816.0,835.0,Approved
469,32.0,Female,54575.0,12639.0,510.0,Rejected
470,33.0,,70826.0,15424.0,552.0,Rejected
471,43.0,Male,51451.0,14965.0,522.0,Rejected
472,45.0,Male,22227.0,19146.0,804.0,Rejected
473,55.0,,46910.0,12240.0,756.0,Approved
474,50.0,Female,51041.0,1040.0,501.0,Rejected
475,37.0,Male,38384.0,6827.0,640.0,Rejected
476,40.0,Male,15145.0,9259.0,720.0,Rejected
477,45.0,Female,52778.0,18371.0,590.0,Rejected
478,42.0,Male,31035.0,15849.0,616.0,Rejected
479,33.0,Male,18040.0,17232.0,450.0,Rejected
480,39.0,Male,57422.0,8804.0,691.0,Approved
481,56.0,Female,,6374.0,480.0,Rejected
482,32.0,Female,77020.0,3524.0,,Approved
483,39.0,Female,79174.0,10277.0,487.0,Rejected
484,32.0,Female,41160.0,19863.0,593.0,Rejected
485,29.0,Female,64634.0,10885.0,503.0,Rejected
486,27.0,Female,67331.0,1778.0,670.0,Rejected
487,48.0,Female,32633.0,2492.0,495.0,Rejected
488,34.0,Male,44344.0,18044.0,822.0,Rejected
489,51.0,Male,32014.0,18732.0,778.0,Rejected
490,39.0,Female,29996.0,14615.0,597.0,Rejected
491,36.0,Male,64104.0,13132.0,400.0,Rejected
492,25.0,,56621.0,11178.0,806.0,Approved
493,55.0,Female,26695.0,8851.0,777.0,Approved
494,32.0,Male,17852.0,17288.0,566.0,Rejected
495,45.0,Male,31014.0,8156.0,,Rejected
496,41.0,Male,42042.0,3044.0,712.0,Approved
497,56.0,Male,48755.0,8368.0,480.0,Rejected
498,,Male,55390.0,14635.0,817.0,Approved
499,36.0,Female,38711.0,10168.0,650.0,Rejected
500,59.0,Female,41122.0,18111.0,568.0,Rejected
501,59.0,Female,72993.0,12328.0,472.0,Rejected
502,34.0,Male,24160.0,14319.0,540.0,Rejected
503,51.0,Female,42213.0,1342.0,469.0,Rejected
504,25.0,Male,65252.0,2447.0,661.0,Rejected
505,55.0,Male,54420.0,7581.0,739.0,Approved
506,43.0,Male,72784.0,12851.0,707.0,Approved
507,49.0,Male,22421.0,7317.0,644.0,Rejected
508,31.0,Female,36400.0,17910.0,402.0,Rejected
509,38.0,Female,48537.0,11088.0,,Approved
510,32.0,Male,32727.0,13946.0,462.0,Rejected
511,29.0,Female,61882.0,17789.0,448.0,Rejected
512,30.0,Male,19358.0,15567.0,475.0,Rejected
513,37.0,Female,76073.0,15868.0,767.0,Approved
514,58.0,Female,43482.0,10765.0,574.0,Rejected
515,27.0,Male,73921.0,13466.0,,Rejected
516,33.0,Female,47117.0,19230.0,582.0,Rejected
517,29.0,Male,38164.0,18862.0,591.0,Rejected
518,47.0,Female,46910.0,11587.0,464.0,Rejected
519,22.0,Male,76352.0,1771.0,736.0,Approved
520,25.0,Male,47496.0,17300.0,670.0,Rejected
521,49.0,Female,70754.0,9770.0,499.0,Rejected
522,57.0,Female,77438.0,12093.0,431.0,Rejected
523,58.0,Male,59311.0,14803.0,751.0,Approved
524,39.0,Female,44371.0,1193.0,527.0,Rejected
525,28.0,Female,66501.0,3007.0,801.0,Approved
526,21.0,Male,75946.0,18569.0,768.0,Approved
527,42.0,Male,53467.0,19778.0,738.0,Approved
528,37.0,Female,32625.0,12190.0,442.0,Rejected
529,27.0,Male,48893.0,10984.0,,Approved
530,45.0,Male,25793.0,10302.0,818.0,Approved
531,24.0,Male,46007.0,8429.0,477.0,Rejected
532,56.0,Female,40766.0,3261.0,713.0,Approved
533,26.0,Female,54532.0,7716.0,688.0,Approved
534,51.0,Male,69253.0,9921.0,,Rejected
535,39.0,Female,27323.0,5378.0,561.0,Rejected
536,59.0,Male,60799.0,8815.0,588.0,Rejected
537,47.0,,61820.0,14778.0,646.0,Rejected
538,30.0,Male,60408.0,13728.0,787.0,Approved
539,46.0,Male,22843.0,11332.0,615.0,Rejected
540,39.0,Female,29210.0,10836.0,714.0,Approved
541,59.0,Male,31456.0,,812.0,Approved
542,23.0,Female,46367.0,9333.0,738.0,Approved
543,33.0,Female,69624.0,6410.0,789.0,Approved
544,48.0,Male,25106.0,18839.0,776.0,Rejected
545,40.0,Male,52957.0,6808.0,832.0,Approved
546,48.0,Female,17472.0,7796.0,567.0,Rejected
547,,Male,75390.0,11288.0,738.0,Approved
548,59.0,Male,64859.0,18709.0,592.0,Rejected
549,21.0,Male,65956.0,18543.0,682.0,Approved
550,23.0,Male,21704.0,5650.0,735.0,Rejected
551,33.0,Male,79315.0,5987.0,789.0,Approved
552,48.0,Female,18713.0,16200.0,412.0,Rejected
553,45.0,Female,20051.0,5697.0,,Rejected
554,53.0,Male,25756.0,17724.0,719.0,Rejected
555,58.0,Male,17475.0,4828.0,845.0,Rejected
556,26.0,Male,51378.0,19352.0,546.0,Rejected
557,52.0,Female,19255.0,18087.0,,Rejected
558,41.0,Male,,13605.0,479.0,Rejected
559,36.0,Female,75167.0,6482.0,778.0,Approved
560,41.0,,71549.0,19184.0,442.0,Rejected
561,31.0,Female,49503.0,6463.0,488.0,Rejected
562,57.0,Male,73929.0,14860.0,547.0,Rejected
563,56.0,Female,23258.0,5912.0,494.0,Rejected
564,55.0,Male,,5648.0,827.0,Approved
565,39.0,Female,,1855.0,550.0,Rejected
566,40.0,Male,50196.0,3866.0,401.0,Rejected
567,38.0,Female,60113.0,12834.0,775.0,Approved
568,34.0,Male,55194.0,17294.0,421.0,Rejected
569,35.0,Female,23533.0,17566.0,770.0,Rejected
570,51.0,Male,47581.0,4112.0,712.0,Approved
571,21.0,Male,20249.0,5492.0,727.0,Rejected
572,23.0,Male,75118.0,16114.0,406.0,Rejected
573,36.0,Male,69443.0,2517.0,605.0,Rejected
574,43.0,Female,34201.0,17018.0,839.0,Rejected
575,31.0,Female,75005.0,18740.0,,Approved
576,32.0,Male,73576.0,12431.0,,Rejected
577,30.0,Female,68026.0,9210.0,671.0,Rejected
578,52.0,Male,74745.0,12595.0,482.0,Rejected
579,36.0,Male,24686.0,13871.0,578.0,Rejected
580,28.0,Female,61877.0,13743.0,609.0,Rejected
581,58.0,Male,68363.0,10324.0,727.0,Approved
582,32.0,Male,47007.0,,523.0,Rejected
583,44.0,Female,15661.0,7588.0,512.0,Rejected
584,48.0,Male,59843.0,4311.0,411.0,Rejected
585,28.0,Male,45137.0,1987.0,525.0,Rejected
586,48.0,Male,75963.0,4321.0,452.0,Rejected
587,56.0,Male,62556.0,16812.0,730.0,Approved
588,46.0,Female,,5615.0,788.0,Approved
589,28.0,Female,63604.0,16512.0,682.0,Approved
590,,Female,25526.0,14146.0,539.0,Rejected
591,48.0,Male,18374.0,14654.0,800.0,Rejected
592,57.0,Male,40592.0,4052.0,789.0,Approved
593,56.0,Female,43982.0,1726.0,496.0,Rejected
594,47.0,,15207.0,4760.0,404.0,Rejected
595,37.0,Male,50433.0,2875.0,456.0,Rejected
596,29.0,Male,66645.0,14969.0,811.0,Approved
597,53.0,Male,38197.0,5033.0,733.0,Approved
598,40.0,Female,48400.0,6443.0,468.0,Rejected
599,,Female,74446.0,18373.0,517.0,Rejected
600,48.0,Female,75303.0,4744.0,775.0,Approved
601,49.0,Male,18083.0,17977.0,458.0,Rejected
602,,Female,44328.0,2774.0,432.0,Rejected
603,55.0,Female,61479.0,11651.0,717.0,Approved
604,26.0,Male,57891.0,1935.0,449.0,Rejected
605,38.0,Male,35103.0,14395.0,767.0,Rejected
606,25.0,Female,54891.0,,418.0,Rejected
607,45.0,Female,25754.0,17715.0,613.0,Rejected
608,22.0,Female,49447.0,12641.0,596.0,Rejected
609,30.0,Female,30901.0,15376.0,,Rejected
610,50.0,Male,48004.0,6889.0,849.0,Approved
611,25.0,Female,22446.0,6054.0,446.0,Rejected
612,53.0,Female,52211.0,4868.0,566.0,Rejected
613,21.0,Male,,17585.0,688.0,Approved
614,38.0,Female,63231.0,19881.0,540.0,Rejected
615,52.0,Male,44301.0,2842.0,483.0,Rejected
616,31.0,Male,41116.0,11058.0,581.0,Rejected
617,41.0,Male,70251.0,10101.0,790.0,Approved
618,46.0,Female,76287.0,13497.0,478.0,Rejected
619,45.0,Female,77711.0,5658.0,614.0,Rejected
620,42.0,Male,56323.0,12381.0,413.0,Rejected
621,47.0,Female,33752.0,8544.0,614.0,Rejected
622,33.0,Female,47376.0,8718.0,802.0,Approved
623,53.0,Male,31669.0,14851.0,527.0,Rejected
624,54.0,Male,47916.0,18154.0,709.0,Approved
625,55.0,Female,28395.0,12777.0,647.0,Rejected
626,,Male,35421.0,2628.0,803.0,Approved
627,41.0,Female,70701.0,1386.0,,Rejected
628,26.0,Female,71273.0,7031.0,679.0,Rejected
629,48.0,Female,76895.0,7439.0,737.0,Approved
630,37.0,Female,41342.0,,718.0,Approved
631,25.0,Male,19895.0,19850.0,,Rejected
632,51.0,Male,69432.0,3282.0,760.0,Approved
633,25.0,Male,65164.0,2856.0,456.0,Rejected
634,58.0,Male,26023.0,16670.0,791.0,Rejected
635,23.0,Female,25699.0,2998.0,617.0,Rejected
636,43.0,Female,24715.0,6476.0,461.0,Rejected
637,57.0,Male,34169.0,10428.0,556.0,Rejected
638,57.0,Female,,5669.0,601.0,Rejected
639,30.0,Female,67877.0,13336.0,416.0,Rejected
640,30.0,,31163.0,10342.0,721.0,Approved
641,39.0,Male,68728.0,8064.0,,Rejected
642,37.0,Male,,8446.0,457.0,Rejected
643,41.0,Male,37641.0,18815.0,724.0,Rejected
644,34.0,,,,811.0,Approved
645,29.0,Male,73945.0,8461.0,717.0,Approved
646,21.0,Male,33792.0,2819.0,568.0,Rejected
647,33.0,Male,64492.0,,481.0,Rejected
648,24.0,Male,50585.0,14749.0,824.0,Approved
649,21.0,Male,45682.0,18514.0,832.0,Rejected
650,52.0,Male,62864.0,3658.0,618.0,Rejected
651,54.0,Female,79456.0,4500.0,576.0,Rejected
652,48.0,Female,33880.0,3120.0,603.0,Rejected
653,51.0,Male,70114.0,5020.0,470.0,Rejected
654,28.0,Male,77274.0,,786.0,Approved
655,59.0,Female,53067.0,4259.0,665.0,Rejected
656,46.0,Female,57685.0,11081.0,,Rejected
657,54.0,Male,71726.0,2823.0,744.0,Approved
658,23.0,Male,33073.0,18858.0,690.0,Rejected
659,32.0,Male,51035.0,19626.0,607.0,Rejected
660,21.0,Male,79977.0,14467.0,401.0,Rejected
661,25.0,Female,52174.0,7990.0,523.0,Rejected
662,50.0,Male,39837.0,4134.0,679.0,Rejected
663,50.0,Male,32826.0,19454.0,473.0,Rejected
664,37.0,Male,39981.0,17743.0,565.0,Rejected
665,43.0,Male,25382.0,16434.0,421.0,Rejected
666,,Female,19437.0,16007.0,553.0,Rejected
667,57.0,Female,20435.0,11233.0,,Rejected
668,41.0,Female,79612.0,17378.0,838.0,Approved
669,34.0,Male,39819.0,2141.0,694.0,Approved
670,,Male,76929.0,19019.0,618.0,Rejected
671,31.0,Female,51875.0,11135.0,556.0,Rejected
672,59.0,Male,46982.0,13966.0,629.0,Rejected
673,58.0,Male,48328.0,4361.0,419.0,Rejected
674,54.0,Female,27329.0,8835.0,440.0,Rejected
675,58.0,Female,75069.0,12172.0,837.0,Approved
676,54.0,Female,40169.0,17390.0,547.0,Rejected
677,38.0,Female,36932.0,4267.0,507.0,Rejected
678,50.0,Male,49594.0,7564.0,802.0,Approved
679,35.0,Male,26421.0,19990.0,483.0,Rejected
680,47.0,Female,75631.0,12411.0,766.0,Approved
681,54.0,Male,60033.0,6906.0,721.0,Approved
682,58.0,,78133.0,17028.0,813.0,Approved
683,53.0,Female,22629.0,8611.0,708.0,Rejected
684,44.0,Male,,,689.0,Rejected
685,35.0,Female,67290.0,3011.0,805.0,Approved
686,50.0,Male,43495.0,18826.0,722.0,Rejected
687,37.0,,46750.0,12246.0,533.0,Rejected
688,25.0,Male,44619.0,14790.0,606.0,Rejected
689,49.0,Male,55461.0,,682.0,Approved
690,24.0,Female,23264.0,15730.0,665.0,Rejected
691,30.0,Male,27686.0,12120.0,472.0,Rejected
692,37.0,Female,61484.0,19213.0,751.0,Approved
693,30.0,Female,39226.0,9767.0,447.0,Rejected
694,37.0,Female,21721.0,14703.0,725.0,Rejected
695,40.0,Female,71154.0,1929.0,632.0,Rejected
696,44.0,Male,35609.0,12951.0,842.0,Approved
697,25.0,Male,67130.0,16845.0,499.0,Rejected
698,54.0,Female,79977.0,18438.0,458.0,Rejected
699,26.0,Female,22373.0,16747.0,657.0,Rejected
700,22.0,Male,53675.0,6744.0,812.0,Approved
701,33.0,Female,70249.0,,464.0,Rejected
702,31.0,Male,63895.0,10649.0,482.0,Rejected
703,43.0,Female,43937.0,7980.0,553.0,Rejected
704,36.0,Male,20656.0,8069.0,665.0,Rejected
705,51.0,Female,74329.0,10591.0,708.0,Approved
706,31.0,Female,23984.0,1442.0,478.0,Rejected
707,36.0,Male,78740.0,5652.0,714.0,Approved
708,28.0,Female,79309.0,10370.0,549.0,Rejected
709,24.0,Female,44984.0,8597.0,834.0,Approved
710,24.0,Male,68411.0,15325.0,447.0,Rejected
711,45.0,Female,23286.0,5458.0,804.0,Rejected
712,23.0,Male,20901.0,7591.0,778.0,Rejected
713,,Male,46552.0,17346.0,647.0,Rejected
714,23.0,Female,40709.0,12826.0,677.0,Rejected
715,47.0,Female,46055.0,19693.0,755.0,Rejected
716,49.0,Female,52685.0,15138.0,497.0,Rejected
717,52.0,Female,23429.0,18294.0,813.0,Rejected
718,39.0,Female,29716.0,3169.0,424.0,Rejected
719,41.0,Female,,19556.0,683.0,Approved
720,25.0,Female,26138.0,7313.0,848.0,Approved
721,38.0,Male,50298.0,9315.0,768.0,Approved
722,48.0,Female,66112.0,9036.0,700.0,Approved
723,42.0,Male,38429.0,1785.0,467.0,Rejected
724,41.0,,65200.0,7139.0,406.0,Rejected
725,26.0,,20772.0,7344.0,704.0,Rejected
726,21.0,,63244.0,19800.0,536.0,Rejected
727,25.0,Female,66681.0,15973.0,563.0,Rejected
728,32.0,Female,63519.0,6619.0,482.0,Rejected
729,46.0,Male,50732.0,2936.0,784.0,Approved
730,54.0,Female,54905.0,4807.0,537.0,Rejected
731,34.0,Female,32347.0,8151.0,819.0,Approved
732,46.0,Female,31920.0,10493.0,472.0,Rejected
733,47.0,Male,46822.0,13355.0,636.0,Rejected
734,29.0,Female,61659.0,4236.0,,Rejected
735,,Female,55108.0,16848.0,505.0,Rejected
736,42.0,Female,78419.0,3352.0,815.0,Approved
737,50.0,Female,38563.0,2932.0,687.0,Approved
738,37.0,Male,22967.0,11913.0,661.0,Rejected
739,46.0,Male,60183.0,9556.0,575.0,Rejected
740,56.0,Female,26871.0,6498.0,565.0,Rejected
741,21.0,Female,43763.0,11582.0,544.0,Rejected
742,28.0,Male,26916.0,18330.0,729.0,Rejected
743,55.0,Male,23734.0,14865.0,769.0,Rejected
744,35.0,Female,,10569.0,682.0,Approved
745,42.0,Male,43179.0,18823.0,453.0,Rejected
746,34.0,Female,69929.0,5857.0,577.0,Rejected
747,46.0,,67188.0,1340.0,818.0,Approved
748,48.0,Male,70099.0,12181.0,643.0,Rejected
749,43.0,Male,50262.0,17766.0,740.0,Approved
750,34.0,Male,27677.0,9491.0,526.0,Rejected
751,44.0,Female,66871.0,1138.0,808.0,Approved
752,22.0,Male,33268.0,1358.0,811.0,Approved
753,46.0,Male,27330.0,10714.0,766.0,Approved
754,34.0,Female,35733.0,2627.0,670.0,Rejected
755,27.0,Male,75545.0,16996.0,531.0,Rejected
756,,Male,52947.0,6004.0,492.0,Rejected
757,43.0,Female,42286.0,14283.0,778.0,Approved
758,38.0,Male,21610.0,7652.0,472.0,Rejected
759,58.0,Female,21430.0,3151.0,810.0,Rejected
760,55.0,Female,54922.0,,809.0,Approved
761,35.0,Female,28828.0,15072.0,802.0,Rejected
762,45.0,Female,79978.0,12927.0,647.0,Rejected
763,57.0,Male,57913.0,7905.0,747.0,Approved
764,48.0,Female,46497.0,13452.0,672.0,Rejected
765,30.0,Male,54256.0,17212.0,442.0,Rejected
766,59.0,Male,68889.0,19951.0,776.0,Approved
767,37.0,,70677.0,2307.0,440.0,Rejected
768,59.0,Male,51618.0,,569.0,Rejected
769,42.0,Male,64841.0,3660.0,833.0,Approved
770,46.0,Male,61332.0,11403.0,611.0,Rejected
771,45.0,Male,41526.0,11238.0,567.0,Rejected
772,,Male,69327.0,7207.0,438.0,Rejected
773,,Male,45158.0,2140.0,768.0,Approved
774,40.0,Male,40032.0,,644.0,Rejected
775,45.0,Female,52846.0,4630.0,550.0,Rejected
776,24.0,,74474.0,11485.0,510.0,Rejected
777,30.0,Female,,13021.0,835.0,Approved
778,23.0,Male,44794.0,17859.0,446.0,Rejected
779,38.0,Female,76588.0,8684.0,462.0,Rejected
780,56.0,Female,20448.0,2207.0,624.0,Rejected
781,42.0,Female,65331.0,14331.0,765.0,Approved
782,54.0,Male,43861.0,2960.0,468.0,Rejected
783,28.0,Male,43141.0,1557.0,698.0,Approved
784,39.0,Male,24074.0,16883.0,831.0,Rejected
785,57.0,Male,21406.0,14893.0,689.0,Rejected
786,26.0,Female,46823.0,,695.0,Approved
787,46.0,Female,72743.0,,602.0,Rejected
788,54.0,Female,38291.0,6867.0,460.0,Rejected
789,26.0,Female,56568.0,13869.0,833.0,Approved
790,57.0,Male,47003.0,8166.0,,Approved
791,53.0,Male,61851.0,13982.0,713.0,Approved
792,42.0,Male,49406.0,8929.0,560.0,Rejected
793,41.0,Female,69823.0,6347.0,730.0,Approved
794,26.0,Male,38312.0,8269.0,415.0,Rejected
795,26.0,Male,58108.0,14527.0,737.0,Approved
796,24.0,Female,16382.0,3454.0,493.0,Rejected
797,50.0,Female,49171.0,19330.0,703.0,Approved
798,31.0,Male,56779.0,13991.0,537.0,Rejected
799,50.0,Male,18292.0,3808.0,737.0,Rejected
800,51.0,Male,,7642.0,437.0,Rejected
801,,Male,48187.0,4825.0,526.0,Rejected
802,29.0,Male,27411.0,4536.0,674.0,Rejected
803,23.0,Male,52285.0,,563.0,Rejected
804,51.0,Female,67454.0,4802.0,842.0,Approved
805,57.0,Female,72009.0,19354.0,718.0,Approved
806,,,30422.0,7142.0,,Rejected
807,44.0,Male,57468.0,10094.0,573.0,Rejected
808,51.0,Female,47371.0,1364.0,786.0,Approved
809,26.0,Male,72022.0,16688.0,757.0,Approved
810,22.0,Male,20693.0,2863.0,720.0,Rejected
811,40.0,Female,48535.0,17499.0,775.0,Approved
812,48.0,Male,66196.0,8084.0,490.0,Rejected
813,31.0,Male,29818.0,,637.0,Rejected
814,,Female,46238.0,3384.0,663.0,Rejected
815,35.0,Female,45874.0,16072.0,578.0,Rejected
816,26.0,Female,41715.0,4935.0,608.0,Rejected
817,50.0,Male,42605.0,14127.0,472.0,Rejected
818,58.0,Female,49317.0,15482.0,789.0,Approved
819,22.0,Female,46174.0,8742.0,506.0,Rejected
820,35.0,Male,24956.0,17165.0,744.0,Rejected
821,31.0,Female,53908.0,3490.0,694.0,Approved
822,28.0,Female,25837.0,14324.0,768.0,Rejected
823,46.0,Female,18716.0,19108.0,843.0,Rejected
824,25.0,Male,76949.0,2137.0,683.0,Approved
825,26.0,Male,77646.0,4420.0,752.0,Approved
826,46.0,Male,19481.0,6845.0,581.0,Rejected
827,24.0,Male,78037.0,4906.0,436.0,Rejected
828,39.0,Female,39282.0,13413.0,536.0,Rejected
829,40.0,Male,21548.0,1276.0,737.0,Rejected
830,53.0,Male,,19383.0,455.0,Rejected
831,40.0,Female,52605.0,18611.0,586.0,Rejected
832,32.0,Female,22758.0,7337.0,740.0,Rejected
833,21.0,,58668.0,12944.0,657.0,Rejected
834,46.0,Male,38177.0,16906.0,844.0,Rejected
835,34.0,Male,39022.0,18079.0,457.0,Rejected
836,58.0,Male,55761.0,13306.0,762.0,Approved
837,57.0,Female,70159.0,11503.0,522.0,Rejected
838,31.0,Female,20542.0,5208.0,587.0,Rejected
839,56.0,Male,40476.0,12590.0,629.0,Rejected
840,33.0,Female,45784.0,11886.0,567.0,Rejected
841,23.0,Female,75428.0,13866.0,819.0,Approved
842,53.0,Female,37740.0,,513.0,Rejected
843,26.0,Male,74353.0,4363.0,651.0,Rejected
844,30.0,Female,39817.0,1024.0,506.0,Rejected
845,25.0,Female,62596.0,10764.0,436.0,Rejected
846,43.0,Male,71532.0,10959.0,734.0,Approved
847,30.0,Male,31052.0,,491.0,Rejected
848,22.0,Female,50153.0,9068.0,417.0,Rejected
849,33.0,Female,62076.0,19619.0,753.0,Approved
850,22.0,Male,68420.0,8295.0,462.0,Rejected
851,40.0,Male,15671.0,9392.0,549.0,Rejected
852,21.0,Female,15163.0,12390.0,538.0,Rejected
853,57.0,Female,56424.0,9448.0,585.0,Rejected
854,29.0,Female,59002.0,11433.0,584.0,Rejected
855,37.0,Female,68744.0,16038.0,604.0,Rejected
856,29.0,Male,19795.0,12528.0,659.0,Rejected
857,31.0,Female,25634.0,16743.0,613.0,Rejected
858,35.0,Female,19798.0,9605.0,655.0,Rejected
859,44.0,,37420.0,3014.0,534.0,Rejected
860,58.0,Female,66507.0,,460.0,Rejected
861,55.0,Male,70039.0,2098.0,762.0,Approved
862,50.0,Female,76622.0,10101.0,,Approved
863,51.0,Female,44300.0,1187.0,487.0,Rejected
864,25.0,Male,39345.0,12948.0,723.0,Approved
865,34.0,,25749.0,11207.0,606.0,Rejected
866,31.0,Female,53595.0,3092.0,528.0,Rejected
867,29.0,Female,40121.0,,710.0,Rejected
868,54.0,Female,78027.0,6242.0,402.0,Rejected
869,,Male,52487.0,9549.0,821.0,Approved
870,55.0,Female,43411.0,6185.0,641.0,Rejected
871,55.0,Male,48361.0,16271.0,520.0,Rejected
872,21.0,Male,36223.0,6776.0,784.0,Approved
873,42.0,,22394.0,13449.0,501.0,Rejected
874,49.0,Male,29056.0,8823.0,437.0,Rejected
875,28.0,Female,43380.0,,,Approved
876,31.0,Female,41035.0,8355.0,812.0,Approved
877,,Female,45620.0,7465.0,532.0,Rejected
878,,Female,34877.0,13737.0,601.0,Rejected
879,50.0,Female,74945.0,,747.0,Approved
880,55.0,Male,70316.0,14324.0,420.0,Rejected
881,41.0,Male,79041.0,11350.0,641.0,Rejected
882,57.0,Female,58404.0,3555.0,508.0,Rejected
883,25.0,,66824.0,3951.0,702.0,Approved
884,39.0,,68352.0,18622.0,483.0,Rejected
885,34.0,Male,45911.0,5727.0,482.0,Rejected
886,46.0,Male,47784.0,6686.0,,Approved
887,24.0,Male,18191.0,4701.0,468.0,Rejected
888,45.0,Female,48160.0,3780.0,528.0,Rejected
889,45.0,Female,40000.0,18972.0,595.0,Rejected
890,38.0,Male,54040.0,3368.0,539.0,Rejected
891,28.0,Female,79641.0,16592.0,843.0,Approved
892,59.0,Male,64723.0,1436.0,682.0,Approved
893,34.0,Female,18631.0,,711.0,Rejected
894,52.0,Male,21172.0,2556.0,633.0,Rejected
895,58.0,Female,57080.0,14364.0,422.0,Rejected
896,53.0,Male,38561.0,16061.0,552.0,Rejected
897,43.0,Male,39817.0,11576.0,676.0,Rejected
898,35.0,Female,,17566.0,460.0,Rejected
899,53.0,Male,43671.0,,718.0,Approved
900,45.0,Female,72275.0,6565.0,777.0,Approved
901,37.0,Female,66431.0,16369.0,,Rejected
902,53.0,Male,40364.0,2589.0,743.0,Approved
903,22.0,Female,71603.0,1159.0,552.0,Rejected
904,34.0,,56674.0,13145.0,636.0,Rejected
905,59.0,,77198.0,16373.0,710.0,Approved
906,26.0,Female,42425.0,7555.0,701.0,Approved
907,26.0,Female,64927.0,17237.0,431.0,Rejected
908,23.0,Male,43602.0,10203.0,454.0,Rejected
909,27.0,Female,,9244.0,751.0,Approved
910,28.0,Female,66399.0,15743.0,788.0,Approved
911,35.0,Female,38472.0,14333.0,435.0,Rejected
912,49.0,Female,64230.0,14341.0,509.0,Rejected
913,53.0,,23080.0,19691.0,,Rejected
914,,Male,22099.0,2228.0,761.0,Rejected
915,59.0,Female,68078.0,6590.0,713.0,Approved
916,47.0,Male,40431.0,6585.0,,Approved
917,56.0,Male,71492.0,10227.0,735.0,Approved
918,49.0,Male,46186.0,7046.0,496.0,Rejected
919,58.0,Male,62684.0,13237.0,768.0,Approved
920,53.0,Female,45111.0,16649.0,612.0,Rejected
921,57.0,Male,54851.0,5945.0,716.0,Approved
922,47.0,Male,78936.0,8927.0,536.0,Rejected
923,53.0,Female,37614.0,13641.0,405.0,Rejected
924,24.0,Female,41724.0,16998.0,508.0,Rejected
925,42.0,Female,56991.0,14386.0,434.0,Rejected
926,22.0,Male,19940.0,8016.0,438.0,Rejected
927,30.0,Female,67423.0,15027.0,549.0,Rejected
928,25.0,Female,75920.0,,824.0,Approved
929,30.0,Male,43758.0,14752.0,517.0,Rejected
930,53.0,Female,,19268.0,660.0,Rejected
931,58.0,Female,51224.0,19193.0,825.0,Approved
932,33.0,Female,22788.0,4167.0,486.0,Rejected
933,51.0,Female,43082.0,12989.0,475.0,Rejected
934,56.0,,72751.0,15087.0,813.0,Approved
935,44.0,Female,39034.0,3437.0,712.0,Approved
936,35.0,Female,50479.0,16275.0,782.0,Approved
937,,Male,26280.0,6276.0,613.0,Rejected
938,28.0,Female,33052.0,9859.0,684.0,Approved
939,25.0,Male,,8818.0,638.0,Rejected
940,49.0,Female,37804.0,5728.0,,Rejected
941,24.0,Male,43903.0,6738.0,486.0,Rejected
942,32.0,Male,59857.0,6793.0,540.0,Rejected
943,22.0,Male,25142.0,5523.0,559.0,Rejected
944,47.0,Male,64517.0,6571.0,445.0,Rejected
945,51.0,Female,63355.0,17209.0,771.0,Approved
946,56.0,Male,24866.0,16246.0,511.0,Rejected
947,56.0,Female,19531.0,11380.0,806.0,Rejected
948,46.0,Male,60454.0,3224.0,444.0,Rejected
949,47.0,Male,53098.0,9389.0,800.0,Approved
950,25.0,Male,53278.0,16927.0,646.0,Rejected
951,40.0,,74890.0,,503.0,Rejected
952,31.0,Male,79027.0,11640.0,484.0,Rejected
953,30.0,Female,72906.0,9662.0,849.0,Approved
954,58.0,,43138.0,7361.0,533.0,Rejected
955,,Female,42065.0,2948.0,507.0,Rejected
956,28.0,Female,44956.0,13091.0,417.0,Rejected
957,43.0,Female,56732.0,12992.0,493.0,Rejected
958,46.0,Female,54261.0,7318.0,549.0,Rejected
959,32.0,Female,74381.0,13180.0,645.0,Rejected
960,46.0,Female,,1234.0,688.0,Approved
961,,Female,25759.0,16372.0,813.0,Rejected
962,38.0,Male,20439.0,1522.0,608.0,Rejected
963,45.0,,62241.0,13718.0,525.0,Rejected
964,53.0,Male,,,634.0,Rejected
965,32.0,Male,43270.0,6832.0,815.0,Approved
966,56.0,Male,28279.0,13820.0,825.0,Rejected
967,24.0,Female,54279.0,17211.0,521.0,Rejected
968,25.0,Female,59251.0,,537.0,Rejected
969,57.0,Female,38888.0,6842.0,,Rejected
970,28.0,Female,32630.0,2316.0,819.0,Approved
971,48.0,Female,76063.0,14200.0,561.0,Rejected
972,,Female,67991.0,18508.0,600.0,Rejected
973,29.0,Female,72703.0,16206.0,,Rejected
974,49.0,Male,77360.0,19971.0,427.0,Rejected
975,34.0,Male,,2378.0,410.0,Rejected
976,42.0,Male,67161.0,2519.0,605.0,Rejected
977,31.0,Male,,8935.0,566.0,Rejected
978,43.0,Female,75337.0,7093.0,646.0,Rejected
979,21.0,Female,40538.0,6355.0,446.0,Rejected
980,57.0,Female,26824.0,10083.0,645.0,Rejected
981,41.0,Male,65979.0,6574.0,526.0,Rejected
982,46.0,Female,47125.0,14324.0,546.0,Rejected
983,56.0,Female,21979.0,3257.0,517.0,Rejected
984,43.0,Female,41189.0,14411.0,798.0,Approved
985,21.0,Male,57600.0,16233.0,781.0,Approved
986,35.0,,74560.0,16887.0,811.0,Approved
987,,Male,27504.0,3005.0,551.0,Rejected
988,29.0,Male,,19400.0,471.0,Rejected
989,29.0,Male,76558.0,11860.0,762.0,Approved
990,30.0,Male,35669.0,11070.0,536.0,Rejected
991,46.0,Female,21910.0,,574.0,Rejected
992,55.0,Male,72713.0,19156.0,688.0,Approved
993,45.0,Male,61857.0,19135.0,845.0,Approved
994,46.0,Female,49964.0,15609.0,418.0,Rejected
995,31.0,Female,35131.0,,594.0,Rejected
996,58.0,Male,40227.0,17923.0,729.0,Rejected
997,22.0,Female,20978.0,15823.0,823.0,Rejected
998,27.0,Male,36991.0,18845.0,574.0,Rejected
999,38.0,Male,32153.0,9547.0,848.0,Approved
1000,47.0,Male,74765.0,,812.0,Approved
